"CRS SUBJ CD","CRS NBR","CRS TITLE","DEPT CD","DEPT NAME","A","B","C","D","F","ADV","CR","DFR","I","NG","NR","O","PR","S","U","W","Primary Instructor","Grade Regs"
"BCMG","599","PhD Thesis Research","2509","Biochem & Molecular Genetics","0","0","0","0","0","0","0","0","0","0","0","0","0","20","0","0","Chronis, Konstantinos","20"
"BHIS","503","Comm Skills in HI","2318","Biomed & Health Info Sciences","17","11","2","0","0","0","0","0","0","0","0","0","0","0","0","2","Lui, Dick Ray","32"
"BHIS","538","Health Care IT Admin","2318","Biomed & Health Info Sciences","8","1","0","0","0","0","0","0","1","0","0","0","0","0","0","2","Marcotte, Jill Linda","12"
"BIOS","325","Human Embryology","2453","Biological Sciences","61","22","4","0","4","0","0","0","0","0","0","0","0","0","0","1","Bassett, Andrea Louise","92"
"BME","339","Biostatistics I","2437","Biomedical Eng - Engineering","11","2","2","0","0","0","0","0","0","0","0","0","0","0","0","1","Wang, Zhinan","16"
"CI","482","Testing &Instruct:Bilingualism","2783","Curriculum and Instruction","25","3","0","0","0","0","0","0","0","0","0","0","0","0","0","1","Rao, Arthi Bhimsen","29"
"COMM","250","Social Media and Society","2493","Communication","8","8","2","1","1","0","0","0","0","0","0","0","0","0","0","1","Meraz, Sharon M","21"
"CS","107","Intro Comp & Programming","2699","Computer Science","4","5","1","0","0","0","0","0","0","0","0","0","0","0","0","2","Bell, John T","12"
"CS","294","Technical Interview Prep Cours","2699","Computer Science","0","0","0","0","0","0","0","0","23","0","0","0","0","0","0","0","Kanich, Chris","23"
"CS","391","Computer Science Practicum","2699","Computer Science","0","0","0","0","0","0","0","0","8","0","0","0","0","9","2","0","Troy, Patrick A","19"
"ECON","221","Macroeconomics","2525","Economics","7","3","2","0","0","0","0","0","0","0","0","0","0","0","0","0","Grad Asst","12"
"ENDO","620","Endodontics Clinic","2216","Endodontics","10","0","0","0","0","0","0","0","0","0","0","0","0","0","0","0","Johnson, Bradford Ray","10"
"ENGL","118","Intro Af Amer Lit, 1760-1910","2363","Black Studies","9","0","1","0","0","0","0","0","1","0","0","0","0","0","0","0","Clarke, Ainsworth A.","11"
"ENTR","320","Business Internship","2846","Managerial Studies","0","0","0","0","0","0","0","0","1","0","0","0","0","13","0","0","Warner, Tracy L","14"
"EPSY","522","Internship in Early Childhood","2621","Educational Psychology","13","0","0","0","0","0","0","0","0","0","0","0","0","0","0","0","Delgado, Christina","13"
"FIN","423","Financial Modeling","2691","Finance","5","2","2","1","0","0","0","0","0","0","0","0","0","0","0","2","Healy, Thomas Charles","12"
"GLAS","290","Topics Asian American Studies","2873","Prog in Global Asian Studies","19","0","0","0","0","0","0","0","0","0","0","0","0","0","0","0","Martell, Mark R","19"
"HIM","534","Hlthcre Voc & Clin Classif Sys","2318","Biomed & Health Info Sciences","0","0","0","0","0","0","0","0","0","0","15","0","0","0","0","0","Ramirez, Gideon","15"
"HIST","235","The Rise and Fall of Communism","2316","History","25","11","0","2","1","0","0","0","0","0","0","0","0","0","0","1","Fidelis, Malgorzata","40"
"HON","222","Honors Activity","2310","Honors College","0","0","0","0","0","0","0","11","0","0","0","0","0","12","0","0","DeBoer, Celia Annette","23"
"IDS","355","Operations Management","2672","Information/Decision Sciences","31","17","5","4","1","0","0","0","0","0","0","0","0","0","0","0","Ouksel, Aris M","58"
"IPHS","511","Personal Leadership Devel","2592","School of Public Health","20","0","0","0","0","0","0","0","0","0","0","0","0","0","0","0","Flores, Alina Lopez","20"
"IPHS","650","Applied Practice Experience","2592","School of Public Health","0","0","0","0","0","0","0","7","13","0","0","0","0","4","0","1","Rothstein, Jessica","25"
"KN","254","Human Anatomy & Phys II","2960","Kinesiology and Nutrition","4","7","1","1","0","0","0","0","0","0","0","0","0","0","0","0","Corbo, Gillian","13"
"LAW","407","Academic Skills","2984","UIC Law","0","0","0","0","0","0","0","0","0","0","0","0","0","0","0","3","Ketter, Christian Edward","3"
"LAW","422","LSIII","2984","UIC Law","9","3","0","0","0","0","0","0","0","0","0","0","0","0","0","0","Joshi, Ronak","12"
"LAW","594","Special Topics: AI Law & Polic","2984","UIC Law","15","7","0","0","0","0","0","0","0","0","0","0","0","0","0","0","Suh, Kenneth","22"
"MATH","110","College Algebra","2610","Math, Statistics, & Comp Scnc","8","6","11","2","0","0","0","0","0","0","0","0","0","0","0","1","Woldeit, Anthony John","28"
"BHIS","541","Health Data Analytics","2318","Biomed & Health Info Sciences","16","2","0","0","0","0","0","0","0","0","0","0","0","0","0","1","Krive, Jacob","19"
"BIOS","104","Biology for Non-majors","2453","Biological Sciences","9","14","3","1","2","0","0","0","0","0","0","0","0","0","0","3","Muller, Michael T","32"
"BIOS","326","Embryology Laboratory","2453","Biological Sciences","44","14","3","2","3","0","0","0","0","0","0","0","0","0","0","0","Bassett, Andrea Louise","66"
"BIOS","431","Plant & Animal Interactions","2453","Biological Sciences","8","3","1","0","0","0","0","0","0","0","0","0","0","0","0","1","Warpeha, Katherine Mary","13"
"BVIS","542","Animation II","2318","Biomed & Health Info Sciences","13","1","0","0","0","0","0","0","0","0","0","0","0","0","0","0","Antia-Obong, Amami Elizabeth","14"
"CHSC","430","Public Health Policy","2245","Community Health Sciences","10","8","3","0","0","0","0","0","0","0","0","0","0","0","0","0","Cochran, Laura M","21"
"CI","472","Testing/ESL Instruction","2783","Curriculum and Instruction","22","1","0","0","0","0","0","0","0","0","3","0","0","0","0","2","Nasir, Ambareen","28"
"CLER","632","Psychiatry","2307","Psychiatry","0","0","0","0","0","0","0","6","0","0","0","0","0","0","0","0","Thomas, Dorian E","6"
"CME","494","Geomatics Engineering","2737","Civil, Matls & Env Engineering","9","0","0","0","0","0","0","0","2","0","0","0","0","0","0","0","Peiravian, Farideddin","11"
"COMM","225","Advertising and Society","2493","Communication","17","2","0","1","1","0","0","0","0","0","0","0","0","0","0","2","Page, Janis Teruggi","23"
"CS","401","Computer Algorithms I","2610","Math, Statistics, & Comp Scnc","9","14","6","0","1","0","0","0","0","0","0","0","0","0","0","2","Verschelde, Jan","32"
"CS","474","Obj-Oriented Langs & Envs","2699","Computer Science","6","6","5","6","1","0","0","0","0","0","0","0","0","0","0","0","Grechanik, Mark","24"
"DHD","567","AAC Autism Spectrum Disorder","2871","Disability & Human Development","19","3","0","0","0","0","0","0","0","0","0","0","0","0","0","0","Bay, Stephanie Vallera","22"
"ECE","340","Electronics I","2949","Electrical & Computer Engr","13","5","5","3","0","0","0","0","0","0","0","0","0","0","0","0","Metlushko, Vitali V","26"
"ECON","121","Principles of Macroeconomics","2525","Economics","11","10","2","1","0","0","0","0","1","0","0","0","0","0","0","0","Grad Asst","25"
"ED","210","Learning and Instruction","2208","Education","10","1","3","0","0","0","0","0","0","0","0","0","0","0","0","0","Grad Asst","14"
"EDPS","470","Collective Bargain Pract & Pol","2835","Educational Policy Studies","9","0","0","0","0","0","0","0","1","0","0","0","0","0","0","0","Superfine, Benjamin M","10"
"EDPS","519","Student Transitions to College","2835","Educational Policy Studies","13","2","0","0","0","0","0","0","0","0","0","0","0","0","0","0","Luedke, Courtney L","15"
"EDPS","568","Education and the Law","2835","Educational Policy Studies","0","0","0","0","0","0","0","17","1","0","0","0","0","0","0","0","Mayrowetz, David S","18"
"ELSI","023","Listening/Speaking 3 IEP","2692","Tutorium in Intensive English","0","0","0","0","0","0","0","0","0","0","0","0","0","3","9","0","Grad Asst","12"
"ENGL","160","Academic Writing I","2492","English","3","4","3","1","0","0","0","0","0","0","0","0","0","0","0","0","Grad Asst","11"
"EPSY","523","Adv Curriculum & Practice","2783","Curriculum and Instruction","25","2","0","0","0","0","0","0","0","0","0","0","0","0","0","0","Maples, Marissa Jacqueline","27"
"FIN","250","Personal Finance","2691","Finance","14","3","0","0","0","0","0","0","0","0","0","0","0","0","0","2","Fuzesi, Barbara","19"
"HN","110","Foods","2960","Kinesiology and Nutrition","10","5","2","1","1","0","0","0","0","0","0","0","0","0","0","0","Lyles, Renea Michelle","19"
"IDS","567","Business Data Visualization","2672","Information/Decision Sciences","29","11","1","0","1","0","0","0","0","0","0","0","0","0","0","0","Grad Asst","42"
"IDS","570","Statistics for Management","2672","Information/Decision Sciences","2","6","3","1","0","0","0","0","0","0","0","0","0","0","0","0","Sparks, John","12"
"IPHS","420","Interprofessional Education","2592","School of Public Health","0","0","0","0","0","0","0","0","1","0","0","0","0","11","0","0","Bonney, Tessa Harris","12"
"IPHS","699","Research PH Sciences-DrPH","2592","School of Public Health","0","0","0","0","0","0","0","0","2","0","0","0","0","14","0","0","Seweryn, Steven M","16"
"ACTG","326","Cost Accounting","2656","Accounting","2","6","5","1","0","0","0","0","0","0","0","0","0","0","0","0","Jastrzebski, Ronald J","14"
"AH","160","Trends in Contemp Art","2910","Art History","0","0","0","0","0","0","0","0","0","0","15","0","0","0","0","0","Grad Asst","15"
"AH","270","African Art","2910","Art History","7","3","1","0","1","0","0","0","0","0","0","0","0","0","0","0","Grad Asst","12"
"BIOS","230","Evolution and Ecology","2453","Biological Sciences","8","8","4","2","0","0","0","0","0","0","0","0","0","0","0","0","Ale, Som Bahadur","22"
"BIOS","343","Animal Physiological Systems","2453","Biological Sciences","15","2","0","0","0","0","0","0","0","0","0","0","0","0","0","2","Molumby, Alan J","19"
"BLST","101","Intro Black Diaspora Studies","2363","Black Studies","21","3","1","0","0","0","0","0","0","0","0","0","0","0","0","0","LaMothe, Mario Jacques","25"
"BVIS","500","BVIS Techniques","2318","Biomed & Health Info Sciences","20","0","0","0","0","0","0","0","0","0","0","0","0","0","0","0","Cloninger, Kelly Lee","20"
"BVIS","504","Visual Storytelling in BVIS","2318","Biomed & Health Info Sciences","19","0","0","0","0","0","0","0","0","0","0","0","0","0","0","0","Lebowicz, Leah Amanda","19"
"BVIS","538","Medical Legal Visualization","2318","Biomed & Health Info Sciences","11","1","0","0","0","0","0","0","0","0","0","0","0","0","0","0","Antia-Obong, Amami Elizabeth","12"
"CD","522","Chicago Charette I","2727","Urban Planning and Policy","3","0","0","0","0","0","0","0","8","0","1","0","0","0","0","0","Jackson, April","12"
"CHEM","123","Foundations of Chem Inquiry I","2458","Chemistry","14","29","13","5","2","0","0","0","0","0","0","0","0","0","0","2"," ,","65"
"CI","429","Sec Sci Ed in Urban Settings","2783","Curriculum and Instruction","11","0","0","0","0","0","0","0","0","0","1","0","0","0","0","0","Nishimura, Marlynne K","12"
"CME","201","Statics","2737","Civil, Matls & Env Engineering","5","1","3","0","0","0","0","0","8","0","0","0","0","0","0","0","Peiravian, Farideddin","17"
"CS","194","Technical Interview Prep Cours","2699","Computer Science","0","0","0","0","0","0","0","0","10","0","0","0","0","0","0","0","Kanich, Chris","10"
"DAOB","341","Applied Oral and Behav Sci IX","2758","Dentistry Administration","44","25","0","0","0","0","0","48","0","0","0","0","0","0","0","0","Ward, Stephanie M","117"
"ECE","341","Probabil &Rand Proc for Engr","2949","Electrical & Computer Engr","2","3","5","3","0","0","0","0","0","0","0","0","0","0","0","0","Yardimci Cetin, Yasemin","13"
"ECON","333","International Economics","2525","Economics","5","2","2","0","1","0","0","0","0","0","0","0","0","0","0","0","Grad Asst","10"
"ECON","520","Microecon for Business","2525","Economics","49","8","2","1","2","0","0","0","1","0","0","0","0","0","0","0","Adams, Vangeliya Pavlova","63"
"ENGL","160","Academic Writing I","2492","English","12","0","0","0","0","0","0","0","0","0","0","0","0","0","0","0","Romero, Katharine Chynna","12"
"ENGL","161","Academic Writing II","2492","English","30","20","3","1","11","0","0","0","0","0","0","0","0","0","0","3","Grad Asst","68"
"ENGL","161","Academic Writing II","2492","English","9","4","3","2","2","0","0","0","0","0","0","0","0","0","0","1","Williams, Charitianne","21"
"FIN","300","Intro to Finance","2691","Finance","6","9","2","0","0","0","0","0","0","0","0","0","0","0","0","0","Bern, Lester","17"
"GEMS","599","Mentored Research","2718","Administration","0","0","0","0","0","0","0","0","0","0","19","0","0","0","0","0","Sharma, Kamal","19"
"HN","455","Supervised Practice II","2960","Kinesiology and Nutrition","0","0","0","0","0","0","0","0","0","0","0","0","0","34","0","0","Oshita, Shayna Emily","34"
"HN","594","Adv Tpcs Pediatric Nutrition","2960","Kinesiology and Nutrition","19","3","0","0","0","0","0","0","0","0","0","0","0","0","0","0","Niewinski, Mary","22"
"HPA","432","Public Health Advocacy","2399","Health Policy & Administration","8","8","1","0","0","0","0","0","0","0","0","0","0","0","0","0","Hamilton, Kristina Ashley","17"
"IPHS","594","Implementation Science","2592","School of Public Health","29","0","0","0","0","0","0","0","0","0","0","0","0","0","0","0","Asada, Yuka","29"
"IPHS","650","Applied Practice Experience","2592","School of Public Health","0","0","0","0","0","0","0","0","15","0","1","0","0","3","0","0","Shade McCay, Michele LaVerne","19"
"ACTG","445","Federal Income Tax I","2656","Accounting","4","6","3","0","1","0","0","0","0","0","0","0","0","0","0","0","McLaughlin, Michael Patrick","14"
"ANTH","102","Intro to Archaeology","2841","Anthropology","21","7","0","1","0","0","0","0","0","0","0","0","0","0","0","1","LaMotta, Vincent","30"
"BIOS","110","Biol of Cells & Organisms","2453","Biological Sciences","20","19","6","0","1","0","0","0","0","0","0","0","0","0","0","0","Muller, Michael T","46"
"CLER","637","Family Medicine Clerkship","2636","Family and Community Medicine","0","0","0","0","0","0","0","5","0","0","0","0","0","0","0","0","Thomas, Dorian E","5"
"CME","591","Civil &Material Eng Internship","2737","Civil, Matls & Env Engineering","0","0","0","0","0","0","0","0","0","0","0","0","0","12","1","0","Ataei, Hossein","13"
"CS","111","Program Design I","2699","Computer Science","11","8","5","2","1","0","0","0","0","0","0","0","0","0","0","4","Reckinger, Shanon Marie","31"
"CS","211","Programming Practicum","2699","Computer Science","14","10","10","1","0","0","0","0","0","0","0","0","0","0","0","2","Reckinger, Scott J","37"
"CS","591","Computer Science Internship","2699","Computer Science","0","0","0","0","0","0","0","0","9","0","0","0","0","4","0","0","Di Eugenio, Barbara","13"
"DAOB","321","Applied Oral and Behav Sci III","2758","Dentistry Administration","31","23","0","0","0","0","0","13","0","0","0","0","0","0","0","0","Chang, Priscilla Pauline","67"
"EAES","101","Global Environmental Change","2474","Earth & Environmental Sciences","19","17","4","2","1","0","0","0","0","0","0","0","0","0","0","0","Malone, Andrew","43"
"ECE","266","Intro to Embedded Systems","2949","Electrical & Computer Engr","6","3","0","1","0","0","0","0","0","0","0","0","0","0","0","0","Gandhi, Bhavan Raman","10"
"ELSI","013","Reading/Writing 3, IEP","2692","Tutorium in Intensive English","0","0","0","0","0","0","0","0","0","0","0","0","0","4","6","0","Grad Asst","10"
"ENDO","613","Pharm for the Dental Speclist","2216","Endodontics","0","0","0","0","0","0","0","0","0","0","0","0","0","17","0","0","Weeks, Stephen M","17"
"EPSY","255","Child Dev Contemp Society","2621","Educational Psychology","26","3","3","0","0","0","0","0","0","0","0","0","0","0","0","0","Kelly, Sarai Rodriguez","32"
"HIM","486","Foundations of HIM","2318","Biomed & Health Info Sciences","9","2","0","2","1","0","0","0","0","0","0","0","0","0","0","0","Glondys, Barbara A","14"
"HIST","249","The American Civil War","2316","History","7","18","4","2","4","0","0","0","0","0","0","0","0","0","0","0","Bui, Long B","35"
"HPA","495","MHA Preceptorship","2399","Health Policy & Administration","0","0","0","0","0","0","0","0","4","0","0","0","0","22","0","0","Andersen, Adam M","26"
"IDS","552","Supply Chain Management","2672","Information/Decision Sciences","38","5","1","0","1","0","0","0","0","0","0","0","0","0","0","0","Liotine, Matthew","45"
"IPHS","403","Public Health Systems","2592","School of Public Health","27","2","0","0","0","0","0","0","3","0","0","0","0","0","0","2","Chan, Kee","34"
"JD","434","Entertain Law","2984","UIC Law","17","8","0","0","0","0","0","0","0","0","0","0","0","0","0","0","Rubin, E Leonard","25"
"LALS","101","Intro Latin American Studies","2988","Latin American &Latino Studies","12","2","0","1","0","0","0","0","0","0","0","0","0","0","0","0","Feldmann, Andreas","15"
"LAW","406","Topics in Property Law","2984","UIC Law","3","18","11","2","1","0","0","0","0","0","0","0","0","0","0","7","Lambertson, Andrew","42"
"LAW","422","LSIII","2984","UIC Law","11","1","0","0","0","0","0","0","0","0","0","0","0","0","0","1","Bradley, Thomas","13"
"LRSC","594","Geometry and Measurement","2480","Graduate Admin","16","0","0","0","0","0","0","0","0","0","0","0","0","0","0","0","Pitvorec, Kathleen A","16"
"MATH","180","Calculus I","2610","Math, Statistics, & Comp Scnc","14","14","10","5","0","0","0","0","0","0","0","0","0","0","0","3","Steenbergen, John","46"
"MBA","594","Fundamentals for Derivatives","2785","Business Administration Admini","12","0","0","0","0","0","0","0","0","0","0","0","0","0","0","0","Co, Richard","12"
"MBA","594","Global Product Planning","2785","Business Administration Admini","33","12","0","0","0","0","0","0","0","0","0","0","0","0","0","0","Cigolini, Roberto","45"
"MDC","605","Block5: Digestion&Homeost 2","2718","Administration","0","0","0","0","0","0","0","0","0","0","0","0","0","0","0","0","Thomas, Dorian E","0"
"BA","494","Global Career Accelerator","2785","Business Administration Admini","0","0","0","0","0","0","0","0","0","0","43","0","0","0","0","0","Rausch, Kyle Curtis","43"
"BHIS","529","Business Intel & Analytics","2318","Biomed & Health Info Sciences","18","7","1","0","0","0","0","0","0","0","0","0","0","0","0","0","Isola, Miriam L.","26"
"BHIS","595","BHIS Seminar","2318","Biomed & Health Info Sciences","0","0","0","0","0","0","0","0","0","0","0","0","0","20","0","0","Lebowicz, Leah Amanda","20"
"BIOS","120","Populations & Communities","2453","Biological Sciences","16","7","2","0","0","0","0","0","0","0","0","0","0","0","0","1","Molumby, Alan J","26"
"BIOS","220","Genetics","2453","Biological Sciences","15","10","20","7","3","0","0","0","2","0","0","0","0","0","0","3","Okkema, Peter G","60"
"BIOS","336","Animal Behavior Laboratory","2453","Biological Sciences","10","4","0","0","0","0","0","0","0","0","0","0","0","0","0","0","Nelson, Karin Noel","14"
"BIOS","350","General Microbiology","2453","Biological Sciences","43","46","10","3","1","0","0","0","0","0","0","0","0","0","0","1","Mills, Michael","104"
"CD","523","Chicago Charette II","2727","Urban Planning and Policy","3","0","0","0","0","0","0","0","8","0","1","0","0","0","0","0","Jackson, April","12"
"CELE","604","Advanced Emerg Medicine","2498","Emergency Medicine","0","0","0","0","0","0","0","5","0","0","0","0","0","0","0","0","Thomas, Dorian E","5"
"CELE","620","Advancing Clinical Reasoning","2857","Medical Education","0","0","0","0","0","0","0","35","0","0","3","0","0","0","0","0","Grad Asst","38"
"CHEM","122","Matter and Energy","2458","Chemistry","1","4","11","0","3","0","0","0","1","0","0","0","0","0","0","3","Tripa, Cornel Emil","23"
"CI","464","Bilingualism and Literacy","2783","Curriculum and Instruction","13","4","3","1","1","0","0","0","0","0","0","0","0","0","0","1","Monsivais Diers, Norma","23"
"CLER","602","Psychiatry","2722","Psychiatry","0","0","0","0","0","0","0","23","1","0","0","0","0","0","0","0","Thomas, Dorian E","24"
"CLER","603","Pediatrics","2905","Pediatrics","0","0","0","0","0","0","0","25","1","0","0","0","0","0","0","0","Boucher-Berry, Claudia C","26"
"CLER","618","Pediatrics","2821","Pediatrics","0","0","0","0","0","0","0","8","0","0","4","0","0","0","0","0","Kandikattu, Bhavana Thota","12"
"CLER","633","Pediatrics","2339","Pediatrics","0","0","0","0","0","0","0","12","0","0","0","0","0","0","0","0","Thomas, Dorian E","12"
"CLJ","356","Comm Corrections & Reentry","2909","Criminology, Law, and Justice","7","3","3","0","0","0","0","0","0","0","0","0","0","0","0","0","Gunn, Alana Janell","13"
"COMM","102","Intro Interpersonal Comm","2493","Communication","17","7","0","0","0","0","0","0","0","0","0","0","0","0","0","1","Page, Janis Teruggi","25"
"DAOB","331","Applied Oral and Behav Sci VI","2758","Dentistry Administration","18","38","5","0","0","0","0","5","0","0","0","0","0","0","0","0","Dunlap, Michael A","66"
"ENGL","230","Intro to Film and Culture","2492","English","13","2","1","0","0","0","0","0","0","0","0","0","0","0","0","0","Drown, James Remick","16"
"ENTR","444","Entrepreneurial Finance BBA","2846","Managerial Studies","7","9","5","0","0","0","0","0","0","0","0","0","0","0","0","0","Porter, Brian Ernst","21"
"FIN","320","Managerial Finance","2691","Finance","17","0","0","0","0","0","0","0","0","0","0","0","0","0","0","0","Thewissen, James","17"
"FIN","500","Intro to Corp Finance","2691","Finance","20","1","0","2","0","0","0","0","0","0","0","0","0","0","0","0","Hu, Xiaoqing","23"
"FIN","550","Personal Finance","2691","Finance","14","1","0","0","0","0","0","0","0","0","0","0","0","0","0","0","Fuzesi, Barbara","15"
"HPA","407","Fundamentals Emergency Mgmt","2399","Health Policy & Administration","10","0","0","0","0","0","0","0","1","0","0","0","0","0","0","0","Sambanis, Apostolis Stefanos","11"
"IPHS","401","Determinants Population Health","2592","School of Public Health","22","7","2","2","0","0","0","0","0","0","0","0","0","0","0","2","Shapiro-Berkson, Stephanie B","35"
"JD","423","Prof Responsibility","2984","UIC Law","12","21","6","0","0","0","0","0","0","0","0","0","0","0","0","0","Bernabe, Alberto","39"
"MDC","623","Synthesis 5-6","2718","Administration","0","0","0","0","0","0","0","0","0","0","0","0","0","0","0","0","Thomas, Dorian E","0"
"ACTG","315","Intermediate Financial Actg I","2656","Accounting","9","4","0","0","0","0","0","0","0","0","0","0","0","0","0","0","Andrews, Dean","13"
"ACTG","470","Ethical Environment Business","2656","Accounting","5","4","2","0","0","0","0","0","1","0","0","0","0","0","0","0","Scully, George","12"
"ANTH","105","Human Evolution","2841","Anthropology","18","13","4","1","0","0","0","0","0","0","0","0","0","0","0","1","Sacks, Lita","37"
"BIOS","331","Ecology Laboratory","2453","Biological Sciences","9","7","4","0","0","0","0","0","0","0","0","0","0","0","0","0","Ale, Som Bahadur","20"
"BLST","100","Introduction to Black Studies","2363","Black Studies","0","0","0","0","0","0","0","0","0","0","10","0","0","0","0","0","Grad Asst","10"
"BVIS","552","Graphic Design","2318","Biomed & Health Info Sciences","0","0","0","0","0","0","0","0","0","0","19","0","0","0","0","0","Schaar, Christine Anne","19"
"CELE","602","Anesthesiology","2258","Anesthesiology","0","0","0","0","0","0","0","4","0","0","1","0","0","0","0","0","Nishioka, Hokuto","5"
"CHEM","101","Preparatory Chemistry","2458","Chemistry","9","9","8","0","1","0","0","0","0","0","0","0","0","0","0","2"," ,","29"
"CHEM","125","Foundations of Chem Inquiry II","2458","Chemistry","18","14","14","2","1","0","0","0","0","0","0","0","0","0","0","2"," ,","51"
"CI","540","Linguistics for Teachers","2783","Curriculum and Instruction","16","1","2","0","1","0","0","0","0","0","0","0","0","0","0","2","Razfar, Aria","22"
"CLER","621","Family Practice","2254","Family and Community Medicine","0","0","0","0","0","0","0","6","1","0","5","0","0","0","0","0","Grad Asst","12"
"CLER","631","Obstetrics and Gynecology","2677","Obstetrics & Gynecology","0","0","0","0","0","0","0","14","0","0","0","0","0","0","0","0","Thomas, Dorian E","14"
"CS","361","Systems Programming","2699","Computer Science","12","9","4","1","3","0","0","0","0","0","0","0","0","0","0","1","Maratos, George P","30"
"DCLE","341","Community Learning Exper I","2758","Dentistry Administration","0","0","0","0","0","0","0","2","0","0","0","0","0","115","0","0","Noorullah, Khatija","117"
"DHD","549","3D Printing for Assistive Tech","2871","Disability & Human Development","12","0","0","0","0","0","0","0","0","0","0","0","0","0","0","0","Hooyenga, Kathy A","12"
"ECON","220","Microeconomics","2525","Economics","4","5","2","0","0","0","0","0","0","0","0","0","0","0","0","0","Tauras, John Arvydas","11"
"ED","200","Educ Policy Foundations","2208","Education","10","5","3","3","0","0","0","0","0","0","0","0","0","0","0","1","Miller, Christopher L.","22"
"EPSY","382","Child, Family, and Comm","2621","Educational Psychology","19","1","1","0","0","0","0","0","0","0","1","0","0","0","0","1","Schutz, Kristine Marie","23"
"EPSY","503","Quantitative Inquiry in Ed","2621","Educational Psychology","18","1","0","0","1","0","0","0","0","0","0","0","0","0","0","0","Smith, Everett V","20"
"EPSY","522","Internship in Early Childhood","2621","Educational Psychology","12","1","0","0","0","0","0","0","0","0","0","0","0","0","0","0","Maples, Marissa Jacqueline","13"
"FIN","510","Investments","2691","Finance","9","2","0","0","0","0","0","0","0","0","0","0","0","0","0","0","Lin, Jerchern","11"
"HIST","105","Global Transformations","2316","History","8","7","2","2","3","0","0","0","0","0","0","0","0","0","0","2","Daly, Jonathan W.","24"
"IDS","594","Healthcare Informatics","2672","Information/Decision Sciences","0","0","0","0","0","0","0","0","0","0","19","0","0","0","0","0","Boyd, Andrew","19"
"IPHS","650","Applied Practice Experience","2592","School of Public Health","0","0","0","0","0","0","0","18","0","0","1","0","0","1","0","0","Peterson, Caryn Elizabeth","20"
"ITAL","230","Italian/Ital American Culture","2606","Hispanic and Italian Studies","12","0","0","0","0","0","0","0","0","0","0","0","0","0","0","0","Iusco, Maria","12"
"KN","253","Human Anatomy & Phys I","2960","Kinesiology and Nutrition","5","11","5","2","2","0","0","0","0","0","0","0","0","0","0","0","Corbo, Gillian","25"
"LAW","407","Academic Skills","2984","UIC Law","0","0","0","0","0","0","0","0","0","0","0","0","0","0","0","1","Townsend, Calvin Anthony","1"
"LAW","422","LSIII","2984","UIC Law","6","6","1","0","0","0","0","0","0","0","0","0","0","0","0","1","Michaels, Kenneth Anthony","14"
"ACTG","210","Intro Financial Accounting","2656","Accounting","9","7","3","0","0","0","0","0","0","0","0","0","0","0","0","0","Judd, Joshua Scott","19"
"ACTG","211","Intro Managerial Accounting","2656","Accounting","15","3","0","0","0","0","0","0","0","0","0","0","0","0","0","1","Patel, Neel Vasudev","19"
"ART","280","Collab Printmaking Print Shop","2583","Art","13","2","2","2","0","0","0","0","0","0","0","0","0","0","0","0","Estrada, William","19"
"BHIS","505","Ethics&Legal Issues/Hlth Info","2318","Biomed & Health Info Sciences","32","1","0","0","0","0","0","0","0","0","0","0","0","0","0","0","Swirsky, Eric S","33"
"BVIS","520","Modeling II","2318","Biomed & Health Info Sciences","15","0","0","0","0","0","0","0","0","0","0","0","0","0","0","0","Cloninger, Kelly Lee","15"
"CELE","600","Elective Clerkship","2649","Administration","0","0","0","0","0","0","0","36","0","0","2","0","0","7","0","0","Thomas, Dorian E","45"
"CHEM","222","Analytical Chemistry","2458","Chemistry","5","4","4","1","1","0","0","0","0","0","0","0","0","0","0","0"," ,","15"
"CHEM","233","Synthesis Techniques Lab","2458","Chemistry","38","60","19","3","0","0","0","0","0","0","0","0","0","0","0","5"," ,","125"
"CLER","616","Obstetrics and Gynecology","2264","Obstetrics & Gynecology","0","0","0","0","0","0","0","8","0","0","3","0","0","0","0","0","Petersen, Nathan J","11"
"CLER","619","Surgery","2848","Surgery","0","0","0","0","0","0","0","10","0","0","6","0","0","0","0","0","Anderson, Richard C","16"
"CLJ","220","Criminology","2909","Criminology, Law, and Justice","5","3","2","0","0","0","0","0","0","0","0","0","0","0","0","0","Bird, Jessica Jane","10"
"COMM","101","Intro to Communication","2493","Communication","6","7","3","2","0","0","0","0","0","0","0","0","0","0","0","1","Puig Abril, Eulalia","19"
"COMM","200","Communication Technologies","2493","Communication","7","2","1","0","0","0","0","0","0","0","0","0","0","0","0","0","McDowell, Zachary J","10"
"CS","251","Data Structures","2699","Computer Science","11","11","5","3","0","0","0","0","0","0","0","0","0","0","0","1","Reckinger, Scott J","31"
"DADM","396","Independent Study in Dent","2758","Dentistry Administration","0","0","0","0","0","0","0","0","0","0","13","0","0","0","0","0","Alvarez, Angelica Victoria","13"
"DBCS","302","Biomed & Clinical Sciences","2758","Dentistry Administration","36","14","1","0","0","0","0","0","0","0","0","0","0","0","0","0","Odeh, Luma Adnan Abed","51"
"DBCS","321","Biomed and Clin Sciences III","2758","Dentistry Administration","30","30","7","0","0","0","0","0","0","0","0","0","0","0","0","0","Miloro, Mary Beth","67"
"DHD","569","Environmental Modification","2871","Disability & Human Development","9","0","0","0","1","0","0","0","0","0","0","0","0","0","0","1","Hedman, Glenn","11"
"ECE","225","Circuit Analysis","2949","Electrical & Computer Engr","4","4","3","0","0","0","0","0","0","0","0","0","0","0","0","2","Caliskan, Vahe","13"
"ECE","317","DSP I","2949","Electrical & Computer Engr","7","4","0","0","0","0","0","0","0","0","0","0","0","0","0","0","Cetin, Ahmet Enis","11"
"ECE","333","Computer Comm Networks I","2949","Electrical & Computer Engr","14","9","3","0","0","0","0","0","0","0","0","0","0","0","0","0","Abu Salah, Lo'Ay Mohammad","26"
"ECON","120","Principles of Microeconomics","2525","Economics","16","6","3","0","1","0","0","0","0","0","0","0","0","0","0","0","Ahundjanov, Behzod","26"
"ED","135","Chld & Yth Policy Urb Amer","2208","Education","9","5","4","0","1","0","0","0","0","0","0","0","0","0","0","0","Miller, Christopher L.","19"
"EDPS","535","Human Dvlpmnt for School Ldrs","2621","Educational Psychology","14","1","0","0","0","0","0","0","2","0","0","0","0","0","0","0","Humphries, Marisha Lynnette","17"
"GWS","255","Intro to Middle East Feminisms","2369","Gender and Women's Studies","13","0","1","0","0","0","0","0","0","0","0","0","0","0","0","0","Naber, Nadine","14"
"HON","222","Honors Activity","2310","Honors College","0","0","0","0","0","0","0","18","0","0","0","0","0","12","0","0","McCloud, Stacie Lynn","30"
"HPA","420","US Hlth Care System for PHP","2399","Health Policy & Administration","22","2","0","0","1","0","0","0","0","0","0","0","0","0","0","1","Govia, Carlo M","26"
"HPA","459","Health Inequities in the US","2399","Health Policy & Administration","12","0","0","0","0","0","0","0","1","0","0","0","0","0","0","1","Murray, Linda Rae","14"
"ACTG","316","Intermediate Financial Actg II","2656","Accounting","13","6","1","1","2","0","0","0","0","0","0","0","0","0","0","0","Chang, Nathan","23"
"ACTG","435","Auditing","2656","Accounting","8","2","1","0","0","0","0","0","0","0","0","0","0","0","0","0","Judd, Joshua Scott","11"
"AH","100","Intro to Art &Art History","2910","Art History","6","3","1","0","1","0","0","0","0","0","0","0","0","0","0","0","Grad Asst","11"
"BA","200","Managerial Communication","2785","Business Administration Admini","13","1","0","0","0","0","0","0","0","0","0","0","0","0","0","0","Banks, Jacinta","14"
"BHIS","543","Health Care Project Management","2318","Biomed & Health Info Sciences","21","1","0","0","0","0","0","0","0","0","0","0","0","0","0","1","Marcotte, Jill Linda","23"
"BHIS","561","Programming for Hth Analytics","2318","Biomed & Health Info Sciences","10","2","0","0","0","0","0","0","0","0","0","0","0","0","0","2","Maharathi, Biswajit","14"
"BVIS","501","Professional Practices","2318","Biomed & Health Info Sciences","19","0","0","0","0","0","0","0","0","0","0","0","0","0","0","0","Lebowicz, Leah Amanda","19"
"CHEM","124","Chemical Dynamics","2458","Chemistry","8","18","18","4","1","0","0","0","0","0","0","0","0","0","0","2"," ,","51"
"CHEM","232","Structure and Function","2458","Chemistry","14","12","26","7","7","0","0","0","0","0","0","0","0","0","0","6"," ,","72"
"CLER","634","Surgery","2285","Surg/Surgical Specialties","0","0","0","0","0","0","0","9","0","0","0","0","0","0","0","0","Thomas, Dorian E","9"
"CLJ","200","Law and Society","2909","Criminology, Law, and Justice","9","1","0","0","0","0","0","0","0","0","0","0","0","0","0","0","Schuck, Amie","10"
"CME","205","Structural Analysis I","2737","Civil, Matls & Env Engineering","4","6","0","0","0","0","0","0","0","0","0","0","0","0","0","0","Issa, Mohsen","10"
"CME","260","Properties Of Materials","2737","Civil, Matls & Env Engineering","7","9","3","1","0","0","0","0","0","0","0","0","0","0","0","1","Ataei, Hossein","21"
"COMM","240","Data Journalism","2493","Communication","4","8","1","1","0","0","0","0","0","0","0","0","0","0","0","2","Reilley, Michael","16"
"CS","141","Program Design II","2699","Computer Science","18","7","4","0","2","0","0","0","0","0","0","0","0","0","0","1","Koehler, Adam Thomas","32"
"ED","445","Adolescence & Schools","2208","Education","0","0","0","0","0","0","0","0","0","0","25","0","0","0","0","0","Grad Asst","25"
"EDPS","551","Cycles of Inquiry","2835","Educational Policy Studies","17","0","0","0","0","0","0","0","0","0","0","0","0","0","0","0","Allen, Lionel E Jr","17"
"EPSY","326","Child Hlth Safety & Nutrition","2621","Educational Psychology","22","2","0","0","0","0","0","0","0","0","2","0","0","0","0","0","Maglaris, Angela","26"
"EPSY","482","Coll. w/Family, Comm, and Prof","2588","Special Education","20","0","0","0","0","0","0","0","0","0","0","0","0","0","0","1","Grad Asst","21"
"EPSY","522","Internship in Early Childhood","2621","Educational Psychology","9","2","0","0","0","0","0","0","0","0","0","0","0","0","0","0","Abel, Barbara","11"
"FIN","300","Intro to Finance","2691","Finance","20","1","3","0","0","0","0","0","0","0","0","0","0","0","0","0","Arslan Ayaydin, Ozgur","24"
"GER","217","Intro German Cinema","2291","Germanic Studies","19","11","6","2","6","0","0","0","0","0","0","0","0","0","0","1","Grad Asst","45"
"HIST","101","Western Civ Since 1648","2316","History","31","20","7","3","1","0","0","0","0","0","0","0","0","0","0","3","Abbott, John","65"
"HIST","177","Middle Eastern Civ","2316","History","14","2","0","2","0","0","0","0","1","0","0","0","0","0","0","1","Quadri, Syed Junaid Ahmed","20"
"IDS","594","Intro to AI & Cloud Computing","2672","Information/Decision Sciences","25","1","0","0","0","0","0","0","0","0","0","0","0","0","0","0","Mohammed, Mustafa N","26"
"JD","423","Prof Responsibility","2984","UIC Law","9","16","8","1","1","0","0","0","0","0","0","0","0","0","0","0","Keenan, Heidi","35"
"JD","427","Art and Cultural Heritage Law","2984","UIC Law","16","4","0","0","0","0","0","0","0","0","0","0","0","0","0","0","Long, Doris Estelle","20"
"MATH","210","Calculus III","2610","Math, Statistics, & Comp Scnc","20","10","6","7","1","0","0","0","0","0","0","0","0","0","0","0","Ingebretson, Daniel Jordan","44"
"BA","420","Professional Presence","2785","Business Administration Admini","14","0","0","1","0","0","0","0","0","0","0","0","0","0","0","0","Brunlieb, Michael","15"
"BHIS","406","Medical Terminology for HIM","2318","Biomed & Health Info Sciences","14","18","0","0","1","0","0","0","0","0","0","0","0","0","0","1","Mills, Laura Lynn","34"
"BIOS","310","Genetics Laboratory","2453","Biological Sciences","4","5","1","1","0","0","0","0","1","0","0","0","0","0","0","0","Chong, Jer Pin","12"
"BSTT","413","Intro to Data Analysis w/ R","2891","Epidemiology and Biostatistics","11","0","0","0","0","0","0","2","0","0","0","0","0","0","0","3","Awadalla, Saria Salah","16"
"CELE","606","Research-Medicine","2586","Medicine","0","0","0","0","0","0","0","17","0","0","0","0","0","6","0","0","Thomas, Dorian E","23"
"CELE","607","M3 Neurology Clerkship","2843","Neurology and Rehab Medicine","0","0","0","0","0","0","0","14","0","0","0","0","0","0","0","0","Grad Asst","14"
"CHE","312","Transport Phenomena II","2709","Chemical Engrg","1","1","2","4","2","0","0","0","0","0","0","0","0","0","0","0","Torabi, Korosh","10"
"CHEM","122","Matter and Energy","2458","Chemistry","10","19","25","3","1","0","0","0","0","0","0","0","0","0","0","2"," ,","60"
"CI","464","Bilingualism and Literacy","2783","Curriculum and Instruction","9","10","1","1","0","0","0","0","1","0","0","0","0","0","0","0","Tanabe, Margaret Ann","22"
"CLER","604","Surgery","2271","Surgery","0","0","0","0","0","0","0","35","0","0","0","0","0","0","0","0","Bartholomew, Amelia M","35"
"CLER","605","Medicine","2586","Medicine","0","0","0","0","0","0","0","32","0","0","0","0","0","0","0","0","Khan, Asra R","32"
"CLER","612","Medicine Sub-Internship","2586","Medicine","0","0","0","0","0","0","0","15","0","0","1","0","0","0","0","0","Khan, Asra R","16"
"CLER","635","Medicine","2532","Med & Medical Specialties","0","0","0","0","0","0","0","9","0","0","0","0","0","0","0","0","Thomas, Dorian E","9"
"COMM","103","Intro to Media","2493","Communication","13","12","15","1","1","0","0","0","0","0","0","0","0","0","0","1","Lind, Rebecca Ann","43"
"COMM","216","Digital Journalism","2493","Communication","12","7","2","0","0","0","0","0","0","0","0","0","0","0","0","1","Aitamurto, Tanja","22"
"COMM","495","Happiness and Social Media","2493","Communication","7","4","1","1","0","0","0","0","0","0","0","0","0","0","0","1","Papacharissi, Zozo-Angeliki","14"
"CS","411","Artificial Intelligence I","2699","Computer Science","10","4","2","0","0","0","0","0","0","0","0","0","0","0","0","0","Kash, Ian Alexander","16"
"CS","412","Intro to Machine Learning","2699","Computer Science","13","5","0","0","0","0","0","0","0","0","0","0","0","0","0","0","Zhang, Xinhua","18"
"DHD","550","Tech Support Univ Design K-12","2871","Disability & Human Development","17","0","0","0","0","0","0","0","0","0","0","0","0","0","0","0","Skalitzky, Jennifer Trunk","17"
"DOSI","341","Oral/Systemc Issue in Dent I","2758","Dentistry Administration","104","10","2","0","0","0","0","1","0","0","0","0","0","0","0","0","Hofmeister, Jamie Lynn","117"
"DOST","331","Oral/Systemc Topcs in Dent I","2758","Dentistry Administration","28","31","5","0","0","0","0","2","0","0","0","0","0","0","0","0","Kawar, Nadia","66"
"ECE","310","Discrete &Cont Signal&Systms","2949","Electrical & Computer Engr","6","5","3","5","0","0","0","0","0","0","0","0","0","0","0","1","Caliskan, Vahe","20"
"ECON","120","Principles of Microeconomics","2525","Economics","7","3","0","0","0","0","0","0","0","0","0","0","0","0","0","0","Grad Asst","10"
"EDPS","453","Topics in Ed Policy Studies","2835","Educational Policy Studies","14","5","2","0","0","0","0","0","0","0","0","0","0","0","0","0","Yarbrough, Karen Wilkinson","21"
"EDPS","544","Research Design in EDPS","2835","Educational Policy Studies","13","4","0","0","0","0","0","0","1","0","0","0","0","0","0","0","Mayrowetz, David S","18"
"ENGL","160","Academic Writing I","2492","English","6","6","0","0","0","0","0","0","0","0","0","0","0","0","0","0","Bohne, Amanda","12"
"ENTR","310","Intro to Entr for BBA Online","2846","Managerial Studies","30","8","3","1","1","0","0","0","1","0","0","0","0","0","0","0","Hardy, Florence","44"
"EPID","591","Current Epid Literature","2891","Epidemiology and Biostatistics","0","0","0","0","0","0","0","0","0","0","0","0","0","27","0","0","Olshansky, Stuart Jay","27"
"JD","533","RE: Comm Interest Communities","2984","UIC Law","13","8","5","2","0","0","0","0","0","0","0","0","0","0","0","1","McKenzie, Evan C","29"
"MATH","181","Calculus II","2610","Math, Statistics, & Comp Scnc","25","34","18","3","1","0","0","0","0","0","0","0","0","0","0","2","Shulman, Andrew M","83"
"MDP","613","Doctoring Clinical Skills 3","2718","Administration","0","0","0","0","0","0","0","0","0","0","0","0","0","0","0","0","Thomas, Dorian E","0"
"MDP","623","Synthesis 5-6","2718","Administration","0","0","0","0","0","0","0","0","0","0","0","0","0","0","0","0","Thomas, Dorian E","0"
"ME","205","Intro to Thermodynamics","2323","Mechanical & Industrial Engr","19","4","1","0","0","0","0","0","0","0","0","0","0","0","0","0","Siow, Yeow","24"
"ME","347","Computer-Aided Design","2323","Mechanical & Industrial Engr","28","11","3","4","1","0","0","0","0","0","0","0","0","0","0","0","Hatami Marbini, Hamed","47"
"MGMT","495","Competitive Strategy","2846","Managerial Studies","18","12","1","0","0","0","0","0","0","0","0","0","0","0","0","0","Cooper, James Wesley","31"
"NUPR","564","Newborn Care","2842","Human Development Nursing Sci","10","0","0","0","0","0","0","0","0","0","0","0","0","0","0","0","Walsh, Susan","10"
"PHAR","603","APPE: Hospital/Health-System","2712","Pharmacy","20","1","0","0","0","0","0","0","0","0","0","0","0","0","0","0","Allen, Sheila Mary","21"
"PHIL","100","Intro to Philosophy","2637","Philosophy","10","6","1","0","1","0","0","0","0","0","0","0","0","0","0","1","Grad Asst","19"
"PSCH","324","Cultural Psychology","2885","Psychology","0","0","0","0","0","0","0","0","0","0","41","0","0","0","0","3","Hsueh, Loretta Yao Pei","44"
"PUBH","100","Health and the Public","2687","Public Health Undergrad Prog","21","3","3","2","3","0","0","0","2","0","0","0","0","0","0","1","Castillo, Amparo Del Socorro","35"
"SOC","100","Introduction to Sociology","2772","Sociology","13","6","5","2","0","0","0","0","0","0","0","0","0","0","0","1","Grad Asst","27"
"SOC","105","Social Problems","2772","Sociology","7","3","0","0","0","0","0","0","0","0","0","0","0","0","0","0","Grad Asst","10"
"BA","200","Managerial Communication","2785","Business Administration Admini","12","3","0","0","0","0","0","0","0","0","0","0","0","0","0","0","Wang, Jie","15"
"BA","351","Legal Environment of Bus BBA","2785","Business Administration Admini","15","1","1","1","2","0","0","0","0","0","0","0","0","0","0","0","Miller, Michael T.","20"
"BHIS","499","Info Sources in BHIS","2318","Biomed & Health Info Sciences","18","9","0","0","2","0","0","0","0","0","0","0","0","0","0","1","Mills, Laura Lynn","30"
"BHIS","515","Mgmt Hlth Care Comm Syst","2318","Biomed & Health Info Sciences","43","18","1","0","0","0","0","0","0","0","0","0","0","0","0","1","Garcia, Justina Renee","63"
"BVIS","518","Web Design","2318","Biomed & Health Info Sciences","18","0","0","0","0","0","0","0","0","0","0","0","0","0","0","0","Lebowicz, Leah Amanda","18"
"CHEM","234","Chemical Synthesis","2458","Chemistry","9","11","6","0","0","0","0","0","2","0","0","0","0","0","0","2"," ,","30"
"CHSC","423","Community Health 3","2245","Community Health Sciences","0","0","0","0","0","0","0","0","0","0","15","0","0","0","0","0","Erzuah-Amenuvor, Nana Ama Aya","15"
"CI","504","Secondary Literacy","2783","Curriculum and Instruction","11","1","0","0","1","0","0","0","0","0","0","0","0","0","0","0","Phillips, Nathan C","13"
"CLER","601","Obstetrics and Gynecology","2225","Obstetrics & Gynecology","0","0","0","0","0","0","0","16","0","0","0","0","0","0","0","0","Baron-Kuhn, Elizabeth A","16"
"CLER","606","Family Medicine","2675","Family and Community Medicine","0","0","0","0","0","0","0","21","2","0","0","0","0","0","0","0","Hanjrah, Sagina","23"
"CLER","617","Psychiatry","2500","Psychiatry & Behavioral Med","0","0","0","0","0","0","0","8","1","0","5","0","0","0","0","0","Finkenbine, Ryan","14"
"CLER","620","Medicine","2554","Internal Medicine","0","0","0","0","0","0","0","12","0","0","5","0","0","0","0","0","Fischer, Jacqueline L","17"
"CLJ","101","Intro to Crim, Law, & Justice","2909","Criminology, Law, and Justice","10","1","0","1","0","0","0","0","0","0","0","0","0","0","0","0","Matoesian, Greg","12"
"CME","203","Strength Of Materials","2737","Civil, Matls & Env Engineering","3","3","2","6","1","0","0","0","0","0","0","0","0","0","0","1","Iranmanesh, Amirhossein","16"
"COMM","100","Human Communication","2493","Communication","12","5","6","1","2","0","0","0","0","0","0","0","0","0","0","0","Quinn, Kelly Ann","26"
"COMM","220","Social Media and Marketing","2493","Communication","19","3","1","1","0","0","0","0","0","0","0","0","0","0","0","0","Mukherjee, Ishani","24"
"CS","151","Foundations of Computing","2699","Computer Science","16","12","0","0","1","0","0","0","0","0","0","0","0","0","0","0","Katok, Zoa","29"
"CS","401","Computer Algorithms I","2610","Math, Statistics, & Comp Scnc","12","17","13","2","1","0","0","0","0","0","0","0","0","0","0","2","Adrovic, Danko","47"
"CS","480","Database Systems","2699","Computer Science","26","17","7","0","4","0","0","0","0","0","0","0","0","0","0","1","Riazi, Sara","55"
"DAOB","302","Applied Oral & Behav Sci","2758","Dentistry Administration","26","18","0","0","0","0","0","7","0","0","0","0","0","0","0","0","Semprum-Clavier, Adriana","51"
"ELSI","049","Live Learn Grow:Learning Track","2692","Tutorium in Intensive English","0","0","0","0","0","0","0","0","0","0","0","0","0","24","4","0","Sandstrom, Deborah R","28"
"EPSY","550","Rate Scale&Ques Des&Analy","2621","Educational Psychology","19","2","0","0","0","0","0","0","2","0","0","0","0","0","0","1","Smith, Everett V","24"
"FIN","594","Intro Quantamental Investing","2691","Finance","0","0","0","0","0","0","0","0","0","0","26","0","0","0","0","0","Ma, Lingjie","26"
"HIM","557","Hlthcr Rev Cycle Mgmt & Comp","2318","Biomed & Health Info Sciences","2","10","2","0","0","0","0","0","0","0","0","0","0","0","0","0","Ramirez, Gideon","14"
"HIST","104","Modern America","2316","History","36","24","12","1","6","0","0","0","0","0","0","0","0","0","0","3","Schultz, Kevin M","82"
"HIST","255","History of Chicago","2316","History","6","27","5","2","6","0","0","0","0","0","0","0","0","0","0","3","Whisenhunt, William Benton","49"
"HN","505","Adv Topics Diabetes Mgmt","2960","Kinesiology and Nutrition","22","1","1","0","0","0","0","0","0","0","0","0","0","0","0","0","Oshita, Shayna Emily","24"
"HON","301","Foundations for the Future","2310","Honors College","0","0","0","0","0","0","0","0","0","0","0","0","0","8","3","0","Grad Asst","11"
"MATH","220","Differential Equations I","2610","Math, Statistics, & Comp Scnc","19","11","4","2","2","0","0","0","0","0","0","0","0","0","0","2","Kobotis, Evangelos","40"
"MATH","310","Applied Linear Algebra","2610","Math, Statistics, & Comp Scnc","10","7","2","1","0","0","0","0","0","0","0","0","0","0","0","0","Jones, Nathan","20"
"MBA","570","Enterprise Strategy","2785","Business Administration Admini","33","2","0","0","0","0","0","0","0","0","0","0","0","0","0","0","Ibrahim, Shahnaz","35"
"MBA","594","Operations of Public Hospitals","2785","Business Administration Admini","0","0","0","0","0","0","0","0","0","0","17","0","0","0","0","0","Egan, Timothy","17"
"ME","210","Engineering Dynamics","2323","Mechanical & Industrial Engr","9","7","0","0","0","0","0","0","0","0","0","0","0","0","0","0","Manafzadeh, Saeed","16"
"MGMT","590","Strategic Management","2846","Managerial Studies","41","11","0","0","0","0","0","0","0","0","0","0","0","0","0","0","Kolar, Deanna","52"
"MHPE","532","Qualitative Methods","2857","Medical Education","10","0","0","0","0","0","0","0","0","0","0","0","0","0","0","0","Perez, Nicole Anne","10"
"MKTG","469","Global Marketing","2417","Department of Marketing","34","10","1","0","1","0","0","0","0","0","0","0","0","0","0","0","Atchley, Cindy J","46"
"MKTG","500","Introduction to Marketing","2417","Department of Marketing","0","0","0","0","0","0","0","0","0","0","15","0","0","0","0","0","Razi, Sajna","15"
"MUS","100","Introduction To Music I","2680","Music","20","5","1","0","1","0","0","0","0","0","0","0","0","0","0","1","Gillespie, Amos","28"
"MUS","118","American Popular Music","2680","Music","34","4","0","0","0","0","0","0","0","0","0","0","0","0","0","0","Rosenberg, Ruth Emily","38"
"PA","506","Public Policy Dev and Process","2694","Pub Policy, Mgmt, & Analytics","16","0","0","0","0","0","0","0","2","0","0","0","0","0","0","1","Ehrlich, David","19"
"PHYS","131","Physics for Life Sciences I","2354","Physics","16","18","16","3","1","0","0","0","0","0","0","0","0","0","0","1","Abu Naser, Enas","55"
"SPED","410","Exceptional Learners","2588","Special Education","0","0","0","0","0","0","0","0","0","0","9","0","0","0","0","1","Cushing, Lisa Sharon","10"
"TADR","401","Trial Ad Acc","2984","UIC Law","40","0","0","0","0","0","0","0","0","0","0","0","0","0","0","0","Navarro, Kelly A.","40"
"TADR","470","Extern: Criminal Law Seminar","2984","UIC Law","0","0","0","0","0","0","0","0","0","0","1","0","0","0","0","0","Dunlap, Charnelle","1"
"TADR","474","Extern: Judicial Fieldwork","2984","UIC Law","0","0","0","0","0","0","0","0","0","0","0","0","0","0","0","0","Johnson, Carly S","0"
"MDR","605","Block5: Digestion&Homeost 2","2718","Administration","0","0","0","0","1","0","0","0","1","0","0","0","0","0","0","0","Thomas, Dorian E","2"
"MGMT","350","Ext Envt of Bus for BBA Online","2846","Managerial Studies","30","9","6","1","1","0","0","0","0","0","0","0","0","0","0","0","Miller, Michael T.","47"
"MGMT","594","Global Innovation Leadership","2846","Managerial Studies","0","0","0","0","0","0","0","0","0","0","34","0","0","0","0","0","Lloyd, Anna K","34"
"NUPR","410","Integrated Practicum II","2591","Nursing Administration","0","0","0","0","0","0","0","0","0","0","0","0","0","49","0","1","Gilbert, Leonard B","50"
"NURS","316","Nursing Informatics","2591","Nursing Administration","111","14","5","2","0","0","0","0","0","0","0","0","0","0","0","0","Grad Asst","132"
"NURS","519","Hlth Equity & Soc Determinants","2662","Pop Health Nursing Science","50","16","0","0","0","0","0","0","0","0","0","0","0","0","0","0","Eldeirawi, Kamal","66"
"OT","624","Policy, Payment and Advocacy","2725","Occupational Therapy","35","4","1","0","0","0","0","0","0","0","0","0","0","0","0","0","Arias, Dalmina Lisette","40"
"PMPR","390","Spec Project in Pharm Pract","2967","Pharmacy Practice","0","0","0","0","0","0","0","0","0","0","68","0","0","0","0","0","McPherson, Charles E","68"
"PMPR","617","Adv Ambulatory Patient Care","2967","Pharmacy Practice","11","2","0","0","0","0","0","0","0","0","0","0","0","0","0","0","Allen, Sheila Mary","13"
"PSCH","271","Resilience","2885","Psychology","33","9","8","3","1","0","0","0","0","0","0","0","0","0","0","3","Kim-Cohen, Julia Yun Soo","57"
"PSCH","352","Cognition and Memory","2885","Psychology","9","3","0","0","0","0","0","0","0","0","0","0","0","0","0","0","Palmer, Caroline May","12"
"PT","624","Therapeutic Applications","2827","Physical Therapy","30","29","0","0","0","0","0","1","0","0","0","0","0","0","0","0","Arguelles, Leonard Dion","60"
"PUBH","110","Global Societies","2687","Public Health Undergrad Prog","14","4","2","0","0","0","0","0","6","0","12","0","0","0","0","0","Caldwell, Jennifer","38"
"SPED","573","Special Ed Research","2588","Special Education","17","0","0","0","0","0","0","0","0","0","0","0","0","0","0","0","Parker-Katz, Michelle Beth","17"
"STAT","381","Applied Statistical Methods I","2610","Math, Statistics, & Comp Scnc","10","5","1","0","0","0","0","0","0","0","0","0","0","0","0","4","Embers, Dale Gene","20"
"STAT","401","Intro to Probability","2610","Math, Statistics, & Comp Scnc","7","5","4","0","1","0","0","0","0","0","0","0","0","0","0","2","Taylor, Gregory Kyle","19"
"MBA","570","Enterprise Strategy","2785","Business Administration Admini","54","0","0","0","1","0","0","0","0","0","0","0","0","0","0","0","Cooper, James Wesley","55"
"MKTG","360","Introduction to Marketing","2417","Department of Marketing","8","5","2","0","0","0","0","0","0","0","0","0","0","0","0","0","Grubisich, Vernon","15"
"NUPR","541","NP Pract III:Mgt Hlth/Ill Adlt","2462","Biobehavioral Nursing Science","0","0","0","0","0","0","0","0","0","0","16","0","0","0","0","0","Stephens, Katie M","16"
"NURS","397","Issues in Nursing Practice","2591","Nursing Administration","21","13","4","1","0","0","0","0","0","0","0","0","0","0","0","0","Grad Asst","39"
"NURS","517","Leadership & Policy","2842","Human Development Nursing Sci","41","1","0","0","0","0","0","0","0","0","0","0","0","0","0","1","Maeder, Angela Beth","43"
"OT","629","Fieldwork Level I-B","2725","Occupational Therapy","0","0","0","0","0","0","0","0","0","0","0","0","0","40","0","0","Lee, Jenica","40"
"PA","582","Srvy Data Collectn Methds","2694","Pub Policy, Mgmt, & Analytics","3","6","0","0","0","0","0","0","1","0","0","0","0","0","0","1","Lavrakas, Paul John","11"
"PELE","607","M3 Neurology Clerkship","2519","Neurology","0","0","0","0","1","0","0","12","0","0","0","0","0","0","0","0","Kattah, Jorge C","13"
"PHYS","132","Physics for Life Sciences II","2354","Physics","8","11","11","0","0","0","0","0","0","0","0","0","0","0","0","1","Espinoza, Randall","31"
"PMPR","619","Advanced Inpatient Medicine","2967","Pharmacy Practice","10","1","0","0","0","0","0","0","0","0","0","0","0","0","0","0","Allen, Sheila Mary","11"
"PSCH","343","Stat Methods in Behav Sci","2885","Psychology","15","9","4","1","6","0","0","0","1","0","0","0","0","0","0","0","Baker, Christopher Albert","36"
"PT","641","Clinical Internship II","2827","Physical Therapy","0","0","0","0","0","0","0","0","0","0","58","0","0","0","0","0","Arguelles, Leonard Dion","58"
"SOC","241","Social Inequalities","2772","Sociology","4","5","1","0","2","0","0","0","0","0","0","0","0","0","0","0","Grad Asst","12"
"SOCW","571","Field Instruction II","2630","Jane Addams Social Work","0","0","0","0","0","0","0","1","0","0","1","0","0","10","0","0","Brown, Pamela Renee","12"
"LAW","405","Topics in Contracts Law","2984","UIC Law","10","8","5","11","0","0","0","0","0","0","0","0","0","0","0","7","Jones, Samuel V","41"
"LAW","408","Legal Writing","2984","UIC Law","0","0","0","0","1","0","0","0","0","0","0","0","0","0","0","1","Brown, Jerry Duane","2"
"LAW","408","Legal Writing","2984","UIC Law","0","0","0","0","0","0","0","0","0","0","0","0","0","0","0","3","Petrolis, Erin Marie","3"
"LAW","535","Est and Trusts","2984","UIC Law","17","20","5","0","0","0","0","0","3","4","0","0","0","0","0","1","Kordesh, Maureen Straub","50"
"MCS","260","Intro To Computer Science","2610","Math, Statistics, & Comp Scnc","4","4","0","0","2","0","0","0","0","0","0","0","0","0","0","0","Adrovic, Danko","10"
"MCS","471","Numerical Analysis","2610","Math, Statistics, & Comp Scnc","8","7","1","1","0","0","0","0","0","0","0","0","0","0","0","2","Abramov, Rafail","19"
"MDR","623","Synthesis 5-6","2718","Administration","0","0","0","0","0","0","0","0","1","0","0","0","0","0","0","0","Thomas, Dorian E","1"
"MGMT","340","Intro to Organizations","2846","Managerial Studies","35","0","0","0","0","0","0","0","0","0","0","0","0","0","0","2","Lloyd, Anna K","37"
"MKTG","560","Marketing Management","2417","Department of Marketing","13","5","1","0","1","0","0","0","0","0","0","0","0","0","0","0","Karsaklian, Eliane","20"
"NUEL","244","History Prof Nursing in U.S.","2591","Nursing Administration","9","9","1","0","0","0","0","0","0","0","0","0","0","0","0","2","Franck, Gwyneth Rhiannon","21"
"NUPR","520","Clinical Synthesis Practi","2842","Human Development Nursing Sci","23","0","0","0","0","0","0","0","0","0","0","0","0","0","0","0","Johnson, Robin A","23"
"NURS","516","EBP 2","2462","Biobehavioral Nursing Science","42","8","0","0","0","0","0","0","0","0","0","0","0","0","0","0","Hovey, Susan L","50"
"ORTD","620","Orthodontic Clinic II","2978","Orthodontics","8","2","0","0","0","0","0","0","0","0","0","0","0","0","0","0","Kusnoto, Budi","10"
"OT","650","Fieldwork Level II-A: Part 2","2725","Occupational Therapy","0","0","0","0","0","0","0","0","0","0","40","0","0","0","0","0","Preissner, Katharine Leigh","40"
"PA","521","Strategic Mgmt:Plng & Msrment","2694","Pub Policy, Mgmt, & Analytics","21","1","1","0","0","0","0","0","0","0","0","0","0","0","0","1","Albrecht, Kate Rose","24"
"PHAR","602","APPE: Community Pharmacy","2712","Pharmacy","23","1","0","0","0","0","0","0","0","0","0","0","0","0","0","0","Allen, Sheila Mary","24"
"PHYS","142","General Physics II","2354","Physics","12","11","12","1","0","0","0","0","0","0","0","0","0","0","0","2","Barkan, Adrian","38"
"RELE","600","Elective Clerkship","2445","Administration & Gen Exp","0","0","0","0","0","0","0","11","0","0","0","0","0","6","0","0","Thomas, Dorian E","17"
"RELE","607","M3 Neurology Clerkship","2532","Med & Medical Specialties","0","0","0","0","0","0","0","5","0","0","0","0","0","0","0","0","Grad Asst","5"
"RUSS","140","The Body in Russian Culture","2382","Pol, Russ & Lith Studies","5","2","1","0","0","0","0","0","3","0","0","0","0","0","0","0","Grad Asst","11"
"STAT","101","Introduction to Statistics","2610","Math, Statistics, & Comp Scnc","4","5","2","1","2","0","0","0","0","0","0","0","0","0","0","0","Kursell, Anita","14"
"TADR","460","LSIV Drafting Criminal","2984","UIC Law","13","0","0","0","0","0","0","0","0","0","0","0","0","0","0","0","Stein, Alexander M","13"
"TADR","471","Extern: Judicial Seminar","2984","UIC Law","10","1","0","0","0","0","0","0","0","0","0","0","0","0","0","0","Johnson, Carly S","11"
"IDS","400","Programming for Data Science","2672","Information/Decision Sciences","11","0","0","0","0","0","0","0","0","0","0","0","0","0","0","0","Grad Asst","11"
"ITAL","280","Italian & Italian Amer Cinema","2606","Hispanic and Italian Studies","8","2","1","0","0","0","0","0","0","0","0","0","0","0","0","1","Fabbian, Maria Chiara","12"
"JD","494","Health Care Reform ACA","2984","UIC Law","12","20","0","1","0","0","0","0","1","0","0","0","0","0","0","1","Lapin, Howard Bernard","35"
"LALS","296","LALS Study Abroad","2988","Latin American &Latino Studies","0","0","0","0","0","0","0","0","0","0","11","0","0","0","0","0","Cintron, Ralph E","11"
"MATH","165","Calculus for Business","2610","Math, Statistics, & Comp Scnc","12","9","12","1","0","0","0","0","0","0","0","0","0","0","0","2","Ash, William Ray","36"
"MATH","180","Calculus I","2610","Math, Statistics, & Comp Scnc","10","5","11","5","2","0","0","0","0","0","0","0","0","0","0","6","Nguyen, Phi Khanh","39"
"MATH","417","Complex Analysis","2610","Math, Statistics, & Comp Scnc","5","6","2","0","1","0","0","0","0","0","0","0","0","0","0","1","Whyte, Kevin M.","15"
"MDR","613","Doctoring Clinical Skills 3","2718","Administration","0","0","0","0","0","0","0","0","0","0","0","0","0","0","0","0","Thomas, Dorian E","0"
"MHPE","598","Thesis Research","2857","Medical Education","0","0","0","0","0","0","0","4","0","0","1","0","0","6","0","0","Polansky, Maura","11"
"MKTG","469","Global Marketing","2417","Department of Marketing","0","0","0","0","0","0","0","0","0","0","10","0","0","0","0","0","Grad Asst","10"
"NURS","212","Hlth Assessment /Communication","2462","Biobehavioral Nursing Science","72","23","3","0","2","0","0","0","0","0","0","0","0","0","0","8","Grad Asst","108"
"NURS","362","Nursing Health Promotion","2591","Nursing Administration","43","24","5","0","4","0","0","0","3","0","0","0","0","0","0","5","Grad Asst","84"
"OSCI","534","Dent & Med Anthropology","2758","Dentistry Administration","10","3","0","0","0","0","0","0","0","0","0","0","0","0","0","0","Nicholas, Christina Lynne","13"
"PSCH","320","Developmental Psychology","2885","Psychology","18","1","1","0","1","0","0","0","0","0","0","0","0","0","0","2","Baker, Christopher Albert","23"
"PSCH","584","Pract: Clinical Trainees","2885","Psychology","0","0","0","0","0","0","0","0","0","0","0","0","0","36","0","0","Szerszen, Jenna Rowen","36"
"SPED","465","Students High Incidence Disab","2588","Special Education","18","1","0","0","0","0","0","0","0","0","0","0","0","0","0","0","Hughes, Marie Tejero","19"
"TADR","413","Moot Ct Exec Bd","2984","UIC Law","0","0","0","0","0","0","0","0","0","0","0","0","0","0","0","0","Hodge, Joanne Simboli","0"
"ME","428","Numerical Methods in ME","2323","Mechanical & Industrial Engr","13","7","5","3","2","0","0","0","1","0","0","0","0","0","0","1","Komperda, Jonathan","32"
"MGMT","463","Negotiation &Conflict Resolutn","2846","Managerial Studies","14","6","2","1","1","0","0","0","0","0","0","0","0","0","0","0","Bujas, Dan","24"
"MHPE","503","Curriculum & Evaluation","2857","Medical Education","14","0","0","0","0","0","0","0","0","0","0","0","0","0","0","0","Polansky, Maura","14"
"MOVI","280","Italian & Italian Amer Cinema","2606","Hispanic and Italian Studies","6","3","2","0","1","0","0","0","0","0","0","0","0","0","0","3","Mazza, Giordano","15"
"NUPR","420","Clinical Synthesis","2591","Nursing Administration","0","0","0","0","0","0","0","0","2","0","0","0","0","58","0","0","Ricca, Paige Quigley","60"
"NUPR","556","EBP 4","2591","Nursing Administration","13","0","0","0","0","0","0","0","0","0","0","0","0","0","0","0","Vortman, Rebecca Kathleen","13"
"NUPR","573","Practicum: Birth & the Newborn","2842","Human Development Nursing Sci","12","0","0","0","0","0","0","0","1","0","0","0","0","0","0","0","Pearson, Pamela","13"
"NURS","408","IHC: Adult/Older Adult","2462","Biobehavioral Nursing Science","16","29","4","0","0","0","0","0","0","0","0","0","0","0","0","1","Maffucci, Jennifer Lee","50"
"NURS","517","Leadership & Policy","2842","Human Development Nursing Sci","0","0","0","0","0","0","0","0","0","0","64","0","0","0","0","0","Abboud, Sarah","64"
"POLS","353","Constitutional Law","2734","Political Science","14","1","0","0","0","0","0","0","0","0","0","0","0","0","0","1","Lyles, Kevin L","16"
"PSCH","100","Introductory Psychology","2885","Psychology","54","25","9","2","6","0","0","0","0","0","0","0","0","0","0","2","Cervone, Daniel P","98"
"PSCH","210","Theories of Personality","2885","Psychology","40","11","3","0","2","0","0","0","0","0","0","0","0","0","0","0","Silverthorn, Naida","56"
"PSCH","242","Intro to Research in Psch","2885","Psychology","19","6","4","1","0","0","0","0","1","0","0","0","0","0","0","0","Chen, Jing","31"
"PSCH","270","Psychological Disorders","2885","Psychology","41","9","3","0","0","0","0","0","0","0","0","0","0","0","0","3","Meinzer, Michael","56"
"PT","616","Biophysics","2827","Physical Therapy","48","12","0","0","0","0","0","0","0","0","0","0","0","0","0","0","Keil, Aaron","60"
"PT","640","Clinical Internship I","2827","Physical Therapy","0","0","0","0","0","0","0","0","0","0","60","0","0","0","0","1","Arguelles, Leonard Dion","61"
"SPAN","103","Intermediate Spanish I","2606","Hispanic and Italian Studies","15","4","2","2","1","0","0","0","0","0","0","0","0","0","0","0","Grad Asst","24"
"US","202","Social Justice & the City","2727","Urban Planning and Policy","8","1","0","0","2","0","0","0","0","0","0","0","0","0","0","1","Farmer-Smith, Keisha J","12"
"MATH","125","Elementary Linear Algebra","2610","Math, Statistics, & Comp Scnc","13","9","11","1","1","0","0","0","0","0","0","0","0","0","0","2","Devi, Shavila","37"
"MATH","210","Calculus III","2610","Math, Statistics, & Comp Scnc","15","5","0","0","1","0","0","0","0","0","0","0","0","0","0","0","Devi, Shavila","21"
"MATH","210","Calculus III","2610","Math, Statistics, & Comp Scnc","28","8","3","1","2","0","0","0","0","0","0","0","0","0","0","2","Taylor, Gregory Kyle","44"
"MATH","220","Differential Equations I","2610","Math, Statistics, & Comp Scnc","19","8","7","0","0","0","0","0","0","0","0","0","0","0","0","1","Protsak, Victor","35"
"MATH","310","Applied Linear Algebra","2610","Math, Statistics, & Comp Scnc","19","3","1","1","0","0","0","0","0","0","0","0","0","0","0","4","Vo, Liet Anh","28"
"MBA","590","Chicago Industry Exposure","2785","Business Administration Admini","32","0","0","0","0","0","0","0","0","0","0","0","0","0","0","0","Ko, Steven S","32"
"MBA","594","Public Health Management","2785","Business Administration Admini","13","6","0","0","0","0","0","0","0","0","0","0","0","0","0","0","Matzke, Hannah Jo","19"
"MDP","605","Block5: Digestion&Homeost 2","2718","Administration","0","0","0","0","0","0","0","0","1","0","0","0","0","0","0","0","Thomas, Dorian E","1"
"MGMT","350","External Environment of Bus","2846","Managerial Studies","37","2","2","1","0","0","0","0","0","0","0","0","0","0","0","0","Antwiler, Brandon","42"
"MGMT","541","Organizational Behavior","2846","Managerial Studies","86","0","0","0","1","0","0","0","0","0","0","0","0","0","0","0","Antwiler, Brandon","87"
"MKTG","462","Marketing Research","2417","Department of Marketing","14","0","1","1","0","0","0","0","0","0","0","0","0","0","0","0","Grad Asst","16"
"MUS","114","Jazz History","2680","Music","12","11","6","0","0","0","0","0","0","0","0","0","0","0","0","1","Lopatka, Daniel R","30"
"NUPR","595","Clinical Option: Systems","2662","Pop Health Nursing Science","14","0","0","0","0","0","0","0","0","0","0","0","0","0","0","0","Vortman, Rebecca Kathleen","14"
"NURS","516","EBP 2","2462","Biobehavioral Nursing Science","64","5","1","0","0","0","0","0","0","0","0","0","0","0","0","0","Sarginson, Dawn R","70"
"NURS","541","Nurs Info Systems & Technology","2662","Pop Health Nursing Science","74","0","0","0","0","0","0","0","0","0","0","0","0","0","0","0","Vortman, Rebecca Kathleen","74"
"ORTD","595","Seminar in Orthodontics","2978","Orthodontics","0","0","0","0","0","0","0","0","0","0","27","0","0","0","0","0","Oubaidin, Maysaa","27"
"PELE","600","Elective Clerkship","2889","Administration & General","0","0","0","0","0","0","0","10","0","0","1","0","0","0","0","0","Grad Asst","11"
"PELE","600","Elective Clerkship","2889","Administration & General","0","0","0","0","0","0","0","11","0","0","2","0","0","0","0","0","Nulty, Christina B","13"
"PHIL","102","Introductory Logic","2637","Philosophy","12","5","5","0","3","0","0","0","0","0","0","0","0","0","0","2","Grad Asst","27"
"POLS","101","Intro to American Government","2734","Political Science","14","1","0","0","0","0","0","0","3","0","0","0","0","0","0","0","Watson, John S","18"
"PPOL","100","Indiv Action & Citizenship","2694","Pub Policy, Mgmt, & Analytics","16","7","2","2","0","0","0","0","0","0","0","0","0","0","0","0","Healy, Shawn Paul","27"
"PPOL","196","Policy Analysis and Advocacy","2694","Pub Policy, Mgmt, & Analytics","0","0","0","0","0","0","0","0","0","0","19","0","0","0","0","0","Grad Asst","19"
"PSCH","381","Psch of Interviewing","2885","Psychology","17","2","0","0","0","0","0","0","0","0","0","0","0","0","0","0","Yuodsnukis, Briahna","19"
"PUBH","100","Health and the Public","2687","Public Health Undergrad Prog","14","4","0","0","0","0","0","0","0","0","1","0","0","0","0","0","Dyer, Sharyn Kaye","19"
"PUBH","120","Study of Disease and Epidemics","2687","Public Health Undergrad Prog","16","7","6","0","0","0","0","0","1","0","0","0","0","0","0","2","Arguelles, Lester","32"
"SOCW","523","Drug& Alcohol Social Work","2630","Jane Addams Social Work","11","0","0","0","0","0","0","0","0","0","0","0","0","0","0","0","McKay, Cassandra Lavelle","11"
"SPAN","114","Spanish Bilingual II","2606","Hispanic and Italian Studies","9","3","0","0","0","0","0","0","0","0","0","0","0","0","0","0","Grad Asst","12"
"EPSY","453","Ed Program & Marketing in ECE","2621","Educational Psychology","15","1","0","0","1","0","0","0","0","0","0","0","0","0","0","0","Kull, Kimberly B.","17"
"FIN","330","Quantitative Methods","2691","Finance","7","2","1","0","1","0","0","0","0","0","0","0","0","0","0","0","Thewissen, James","11"
"HIM","320","Technical Affiliation","2318","Biomed & Health Info Sciences","0","0","0","0","0","0","0","0","0","0","16","0","0","0","0","0","Rhodes, Harry","16"
"HPA","461","Information & Decision Support","2399","Health Policy & Administration","27","1","0","0","0","0","0","0","0","0","0","0","0","0","0","0","Kelly, Annemarie","28"
"IDS","476","Business Forecasting","2672","Information/Decision Sciences","19","3","1","0","0","0","0","0","0","0","0","0","0","0","0","0","Ozdogru, Unsal","23"
"IPHS","500","Population Health Seminar","2592","School of Public Health","28","1","0","0","0","0","0","0","0","0","0","0","0","0","0","0","Dworkin, Mark Steven","29"
"IPHS","699","Research PH Sciences-DrPH","2592","School of Public Health","0","0","0","0","0","0","0","0","0","0","22","0","0","0","0","0","Welter, Christina Rose","22"
"KN","299","Study Abroad in Kines & Nutr","2960","Kinesiology and Nutrition","29","1","2","0","0","0","0","0","1","0","0","0","0","0","0","0","Chizewski, Ann Marie","33"
"LAW","407","Academic Skills","2984","UIC Law","0","0","0","0","0","0","0","0","0","0","0","0","0","0","0","3","Dominguez, Daissy","3"
"LAW","408","Legal Writing","2984","UIC Law","0","0","0","0","0","0","0","0","0","0","0","0","0","0","0","3","Federman, Jonathan Loren","3"
"MATH","310","Applied Linear Algebra","2610","Math, Statistics, & Comp Scnc","10","12","1","0","0","0","0","0","0","0","0","0","0","0","0","0","Takloo-Bighash, Ramin","23"
"MDC","613","Doctoring Clinical Skills 3","2718","Administration","0","0","0","0","0","0","0","0","0","0","0","0","0","0","0","0","Thomas, Dorian E","0"
"MGMT","555","Talent Management","2846","Managerial Studies","26","1","0","0","0","0","0","0","1","0","0","0","0","0","0","1","Martin, Jacob","29"
"MUS","127","Latin American Music","2680","Music","19","5","3","2","3","0","0","0","0","0","0","0","0","0","0","2","Feller Gumucio, Paul","34"
"OT","626","Population Health","2725","Occupational Therapy","40","0","0","0","0","0","0","0","0","0","0","0","0","0","0","0","Hammel, Joy M","40"
"OT","628","Group Theory and Process","2725","Occupational Therapy","40","0","0","0","0","0","0","0","0","0","0","0","0","0","0","0","Lee, Jenica","40"
"PA","431","Civic Technology","2694","Pub Policy, Mgmt, & Analytics","11","3","0","0","0","0","0","0","0","0","0","0","0","0","0","0","Gawel, Jeffrey","14"
"PHAR","604","APPE: Medicine Patient Care","2712","Pharmacy","25","2","1","0","0","0","0","0","2","0","0","0","0","0","0","0","Allen, Sheila Mary","30"
"PHYS","141","General Physics I","2354","Physics","17","18","14","4","3","0","0","0","0","0","0","0","0","0","0","2","Ugalde, Claudio","58"
"PSCH","262","Behavioral Neuroscience","2885","Psychology","29","9","9","0","1","0","0","0","0","0","0","0","0","0","0","0","Passarotti, Alessandra","48"
"PSCH","270","Psychological Disorders","2885","Psychology","24","5","2","0","2","0","0","0","0","0","0","0","0","0","0","0","Passarotti, Alessandra","33"
"SPED","482","Coll w/Family, Comm, and Prof","2588","Special Education","17","1","0","1","0","0","0","0","0","0","0","0","0","0","0","0","Grad Asst","19"
"STAT","101","Introduction to Statistics","2610","Math, Statistics, & Comp Scnc","5","8","2","1","1","0","0","0","0","0","0","0","0","0","0","1","Embers, Dale Gene","18"
"STAT","481","Appl Statist Methods II","2610","Math, Statistics, & Comp Scnc","3","6","1","2","2","0","0","0","0","0","0","0","0","0","0","0","Yang, Min","14"
"TADR","473","Extern: Criminal Law Fieldwork","2984","UIC Law","0","0","0","0","0","0","0","0","0","0","1","0","0","0","0","0","Dunlap, Charnelle","1"
"SPAN","225","The Art of Flamenco","2606","Hispanic and Italian Studies","10","2","0","0","0","0","0","0","0","0","0","0","0","0","0","0","Maldonado, Elizabeth","12"
"SPED","467","Students w/Low Incidence Disab","2588","Special Education","0","0","0","0","0","0","0","0","0","0","20","0","0","0","0","0","Gregori, Emily Victoria","20"
"TADR","470","Extern: Criminal Law Seminar","2984","UIC Law","11","0","0","0","0","0","0","0","0","0","0","0","0","0","0","0","Ivory, Danita","11"
"TADR","472","Extern: Local Gov & NP Field","2984","UIC Law","0","0","0","0","0","0","0","0","0","0","0","0","0","0","0","0","SOHN, SUNGHEE","0"
"UPP","493","Introduction to Grant Writing","2727","Urban Planning and Policy","8","1","0","0","1","0","0","0","0","0","0","0","0","0","0","1","Grad Asst","11"
"IE","342","Probability & Stat for Engr","2323","Mechanical & Industrial Engr","42","18","1","0","0","0","0","0","0","0","0","0","0","0","0","5","Williams, Quintin Levurn","66"
"IPHS","594","Appreciative Inquiry","2592","School of Public Health","14","0","0","0","0","0","0","0","0","0","3","0","0","0","0","0","Flores, Alina Lopez","17"
"JD","519","Homeland Security","2984","UIC Law","12","6","2","0","0","0","0","0","0","0","0","0","0","0","0","0","Rowden, Marianne","20"
"KN","352","Physiology of Exercise","2960","Kinesiology and Nutrition","8","4","2","1","0","0","0","0","0","0","0","0","0","0","0","0","Miller, Joshua","15"
"LAS","299","LAS Study Abroad","2410","LAS Administration","0","0","0","0","0","0","0","0","0","0","27","0","0","0","0","0","Roessler, Brian A","27"
"MATH","310","Applied Linear Algebra","2610","Math, Statistics, & Comp Scnc","13","8","2","1","0","0","0","0","0","0","0","0","0","0","0","0","Kobotis, Evangelos","24"
"MBA","594","Planning & Comms Mgmt Healthca","2785","Business Administration Admini","0","0","0","0","0","0","0","0","0","0","20","0","0","0","0","0","Stancik, Caryn Marie","20"
"MCS","320","Intro to Symbolic Computation","2610","Math, Statistics, & Comp Scnc","4","4","0","0","2","0","0","0","0","0","0","0","0","0","0","3","Verschelde, Jan","13"
"MGMT","541","Organizational Behavior","2846","Managerial Studies","38","1","0","0","1","0","0","0","0","0","0","0","0","0","0","0","McEnery, John Joseph","40"
"MKTG","461","Consumer Behavior","2417","Department of Marketing","6","16","3","0","0","0","0","0","0","0","0","0","0","0","0","0","Moon, Kim","25"
"NUPR","521","Clinical Prac Primry Care I","2662","Pop Health Nursing Science","18","2","1","0","0","0","0","0","1","0","0","0","0","0","0","0","Chu, Minseung","22"
"NUPR","572","Practicum: Hlth Care of Women","2842","Human Development Nursing Sci","12","1","0","0","0","0","0","0","2","0","0","0","0","0","0","0","Pearson, Pamela","15"
"NURS","312","Research and Statistics","2591","Nursing Administration","56","15","5","0","1","0","0","0","0","0","0","0","0","0","0","4","Grad Asst","81"
"NURS","414","Intgtd Hlth Care: Mental Hlth","2662","Pop Health Nursing Science","48","1","0","0","0","0","0","0","0","0","0","0","0","0","0","1","Gramke, Lexxie S","50"
"NURS","540","APN Issues and Policy","2662","Pop Health Nursing Science","43","1","0","0","0","0","0","0","0","0","0","0","0","0","0","0","Breitmayer, Bonnie J","44"
"OT","654","Management & Prog Development","2725","Occupational Therapy","0","0","0","0","0","0","0","0","0","0","40","0","0","0","0","0","Summers, Jennifer Joanne","40"
"OT","655","Prof Develop & Leadership 5","2725","Occupational Therapy","0","0","0","0","0","0","0","0","0","0","0","0","0","40","0","0","Peterson, Elizabeth Walker","40"
"PHAR","601","APPE: Ambulatory Patient Care","2712","Pharmacy","24","2","0","0","0","0","0","0","0","0","0","0","0","0","0","0","Allen, Sheila Mary","26"
"PHIL","116","Biomedical Ethics","2637","Philosophy","0","0","0","0","0","0","0","0","0","0","11","0","0","0","0","0","Grad Asst","11"
"PMPR","620","Advanced Specialty Elective","2967","Pharmacy Practice","9","1","0","0","0","0","0","0","0","0","0","0","0","0","0","0","Allen, Sheila Mary","10"
"PSCH","271","Resilience","2885","Psychology","11","0","1","0","0","0","0","0","0","0","0","0","0","0","0","0","Ochoa-Galindo, Carmen","12"
"SPAN","104","Intermediate Spanish II","2606","Hispanic and Italian Studies","14","5","3","1","0","0","0","0","0","0","0","0","0","0","0","2","Grad Asst","25"
"TADR","469","Extern: Local Gov & NP Sem","2984","UIC Law","13","1","0","0","0","0","0","0","0","0","0","0","0","0","0","0","SOHN, SUNGHEE","14"
"TADR","473","Extern: Criminal Law Fieldwork","2984","UIC Law","0","0","0","0","0","0","0","0","0","0","0","0","0","0","0","0","Ivory, Danita","0"
